timestamp,roll_deg,pitch_deg,yaw_deg,quat_w,quat_x,quat_y,quat_z
0.0123,-165.29,-34.47,-45.10,-0.0001,0.8892,-0.3283,0.3183
0.0200,-165.36,-34.49,-45.05,0.0003,0.8894,-0.3280,0.3182
0.0284,-165.37,-34.57,-45.05,0.0007,0.8892,-0.3279,0.3188
0.0397,-165.37,-34.57,-45.05,0.0007,0.8892,-0.3279,0.3188
0.0518,-165.37,-34.57,-45.05,0.0007,0.8892,-0.3279,0.3188
0.0645,-165.37,-34.57,-45.05,0.0007,0.8892,-0.3279,0.3188
0.0757,-165.37,-34.57,-45.05,0.0007,0.8892,-0.3279,0.3188
0.0863,-165.37,-34.57,-45.05,0.0007,0.8892,-0.3279,0.3188
0.0950,-165.38,-34.60,-44.93,0.0006,0.8894,-0.3270,0.3190
0.1076,-165.35,-34.71,-44.91,0.0006,0.8893,-0.3265,0.3199
0.1200,-165.35,-34.71,-44.91,0.0006,0.8893,-0.3265,0.3199
0.1266,-165.35,-34.77,-44.86,0.0007,0.8893,-0.3260,0.3204
0.1393,-165.35,-34.77,-44.86,0.0007,0.8893,-0.3260,0.3204
0.1507,-165.35,-34.77,-44.86,0.0007,0.8893,-0.3260,0.3204
0.1612,-165.35,-34.77,-44.86,0.0007,0.8893,-0.3260,0.3204
0.1720,-165.35,-34.77,-44.86,0.0007,0.8893,-0.3260,0.3204
0.1781,-165.63,-34.80,-44.51,0.0020,0.8903,-0.3240,0.3198
0.1897,-165.63,-34.80,-44.51,0.0020,0.8903,-0.3240,0.3198
0.2021,-165.63,-34.80,-44.51,0.0020,0.8903,-0.3240,0.3198
0.2128,-165.63,-34.80,-44.51,0.0020,0.8903,-0.3240,0.3198
0.2250,-165.61,-34.84,-44.45,0.0018,0.8903,-0.3234,0.3202
0.2364,-165.61,-34.84,-44.45,0.0018,0.8903,-0.3234,0.3202
0.2483,-165.61,-34.84,-44.45,0.0018,0.8903,-0.3234,0.3202
0.2611,-165.61,-34.84,-44.45,0.0018,0.8903,-0.3234,0.3202
0.2734,-165.61,-34.84,-44.45,0.0018,0.8903,-0.3234,0.3202
0.2813,-165.64,-34.79,-44.31,0.0015,0.8908,-0.3225,0.3197
0.2931,-165.64,-34.79,-44.31,0.0015,0.8908,-0.3225,0.3197
0.3049,-165.64,-34.79,-44.31,0.0015,0.8908,-0.3225,0.3197
0.3139,-165.63,-34.79,-44.36,0.0015,0.8908,-0.3228,0.3197
0.3290,-165.67,-34.71,-44.37,0.0016,0.8908,-0.3232,0.3190
0.3418,-165.67,-34.71,-44.37,0.0016,0.8908,-0.3232,0.3190
0.3526,-165.67,-34.71,-44.37,0.0016,0.8908,-0.3232,0.3190
0.3653,-165.67,-34.71,-44.37,0.0016,0.8908,-0.3232,0.3190
0.3753,-165.87,-34.60,-44.45,0.0030,0.8908,-0.3246,0.3176
0.3809,-166.02,-34.52,-44.44,0.0039,0.8910,-0.3251,0.3166
0.3930,-166.02,-34.52,-44.44,0.0039,0.8910,-0.3251,0.3166
0.4051,-166.02,-34.52,-44.44,0.0039,0.8910,-0.3251,0.3166
0.4162,-166.02,-34.52,-44.44,0.0039,0.8910,-0.3251,0.3166
0.4275,-166.02,-34.52,-44.44,0.0039,0.8910,-0.3251,0.3166
0.4361,-166.10,-34.56,-44.46,0.0047,0.8908,-0.3254,0.3167
0.4437,-166.33,-34.40,-44.60,0.0063,0.8908,-0.3274,0.3148
0.4558,-166.33,-34.40,-44.60,0.0063,0.8908,-0.3274,0.3148
0.4687,-166.33,-34.40,-44.60,0.0063,0.8908,-0.3274,0.3148
0.4814,-166.33,-34.40,-44.60,0.0063,0.8908,-0.3274,0.3148
0.4942,-166.33,-34.40,-44.60,0.0063,0.8908,-0.3274,0.3148
0.5058,-166.33,-34.40,-44.60,0.0063,0.8908,-0.3274,0.3148
0.5125,-167.15,-33.91,-44.97,0.0120,0.8906,-0.3334,0.3087
0.5243,-167.15,-33.91,-44.97,0.0120,0.8906,-0.3334,0.3087
0.5363,-167.15,-33.91,-44.97,0.0120,0.8906,-0.3334,0.3087
0.5416,-168.43,-33.09,-44.60,0.0182,0.8931,-0.3354,0.2988
0.5527,-168.43,-33.09,-44.60,0.0182,0.8931,-0.3354,0.2988
0.5638,-168.43,-33.09,-44.60,0.0182,0.8931,-0.3354,0.2988
0.5754,-168.43,-33.09,-44.60,0.0182,0.8931,-0.3354,0.2988
0.5815,-169.73,-32.90,-44.63,0.0277,0.8932,-0.3393,0.2935
0.5876,-171.85,-32.69,-44.57,0.0434,0.8931,-0.3445,0.2856
0.6003,-171.85,-32.69,-44.57,0.0434,0.8931,-0.3445,0.2856
0.6110,-171.85,-32.69,-44.57,0.0434,0.8931,-0.3445,0.2856
0.6227,-171.85,-32.69,-44.57,0.0434,0.8931,-0.3445,0.2856
0.6345,-171.85,-32.69,-44.57,0.0434,0.8931,-0.3445,0.2856
0.6478,-172.71,-32.91,-44.57,0.0508,0.8923,-0.3463,0.2847
0.6537,-174.43,-32.99,-44.17,0.0635,0.8926,-0.3473,0.2803
0.6674,-174.44,-33.32,-44.35,0.0651,0.8913,-0.3483,0.2827
0.6786,-174.44,-33.32,-44.35,0.0651,0.8913,-0.3483,0.2827
0.6875,-174.78,-33.58,-44.18,0.0682,0.8910,-0.3475,0.2838
0.6980,-174.78,-33.58,-44.18,0.0682,0.8910,-0.3475,0.2838
0.7100,-174.78,-33.58,-44.18,0.0682,0.8910,-0.3475,0.2838
0.7225,-174.78,-33.58,-44.18,0.0682,0.8910,-0.3475,0.2838
0.7337,-174.78,-33.58,-44.18,0.0682,0.8910,-0.3475,0.2838
0.7442,-174.78,-33.58,-44.18,0.0682,0.8910,-0.3475,0.2838
0.7519,-174.89,-34.69,-44.18,0.0726,0.8885,-0.3463,0.2920
0.7623,-174.89,-34.69,-44.18,0.0726,0.8885,-0.3463,0.2920
0.7726,-174.89,-34.69,-44.18,0.0726,0.8885,-0.3463,0.2920
0.7839,-174.89,-34.69,-44.18,0.0726,0.8885,-0.3463,0.2920
0.7990,-174.89,-34.69,-44.18,0.0726,0.8885,-0.3463,0.2920
0.8064,-174.47,-35.29,-44.49,0.0721,0.8865,-0.3468,0.2976
0.8170,-174.47,-35.29,-44.49,0.0721,0.8865,-0.3468,0.2976
0.8276,-174.47,-35.29,-44.49,0.0721,0.8865,-0.3468,0.2976
0.8394,-174.47,-35.29,-44.49,0.0721,0.8865,-0.3468,0.2976
0.8509,-174.47,-35.29,-44.49,0.0721,0.8865,-0.3468,0.2976
0.8612,-174.47,-35.29,-44.49,0.0721,0.8865,-0.3468,0.2976
0.8665,-173.43,-35.25,-45.03,0.0654,0.8854,-0.3484,0.3002
0.8796,-173.43,-35.25,-45.03,0.0654,0.8854,-0.3484,0.3002
0.8968,-173.43,-35.25,-45.03,0.0654,0.8854,-0.3484,0.3002
0.9096,-173.08,-35.04,-45.15,0.0623,0.8858,-0.3487,0.2996
0.9199,-173.08,-35.04,-45.15,0.0623,0.8858,-0.3487,0.2996
0.9325,-173.08,-35.04,-45.15,0.0623,0.8858,-0.3487,0.2996
0.9443,-173.08,-35.04,-45.15,0.0623,0.8858,-0.3487,0.2996
0.9512,-172.92,-35.08,-45.22,0.0614,0.8855,-0.3488,0.3003
0.9612,-172.93,-35.07,-45.15,0.0612,0.8858,-0.3482,0.3003
0.9776,-173.15,-35.08,-44.96,0.0624,0.8863,-0.3473,0.2998
0.9897,-173.15,-35.08,-44.96,0.0624,0.8863,-0.3473,0.2998
1.0024,-173.15,-35.08,-44.96,0.0624,0.8863,-0.3473,0.2998
1.0134,-173.15,-35.08,-44.96,0.0624,0.8863,-0.3473,0.2998
1.0188,-173.23,-35.15,-44.89,0.0631,0.8863,-0.3469,0.3001
1.0364,-173.36,-35.18,-44.74,0.0638,0.8866,-0.3460,0.3000
1.0475,-173.36,-35.18,-44.74,0.0638,0.8866,-0.3460,0.3000
1.0593,-173.36,-35.18,-44.74,0.0638,0.8866,-0.3460,0.3000
1.0688,-173.39,-35.17,-44.63,0.0637,0.8869,-0.3453,0.2999
1.0838,-173.28,-35.17,-44.63,0.0629,0.8869,-0.3450,0.3003
1.0962,-173.28,-35.17,-44.63,0.0629,0.8869,-0.3450,0.3003
1.1101,-173.12,-35.15,-44.55,0.0614,0.8873,-0.3440,0.3006
1.1212,-173.12,-35.15,-44.55,0.0614,0.8873,-0.3440,0.3006
1.1330,-173.12,-35.15,-44.55,0.0614,0.8873,-0.3440,0.3006
1.1452,-173.12,-35.15,-44.55,0.0614,0.8873,-0.3440,0.3006
1.1574,-172.81,-35.06,-44.53,0.0586,0.8878,-0.3431,0.3009
1.1662,-172.65,-35.03,-44.57,0.0574,0.8878,-0.3431,0.3011
1.1775,-172.65,-35.03,-44.57,0.0574,0.8878,-0.3431,0.3011
1.1851,-172.47,-34.97,-44.60,0.0559,0.8879,-0.3429,0.3012
1.1956,-172.47,-34.97,-44.60,0.0559,0.8879,-0.3429,0.3012
1.2061,-172.47,-34.97,-44.60,0.0559,0.8879,-0.3429,0.3012
1.2208,-172.12,-34.88,-44.66,0.0530,0.8881,-0.3426,0.3015
1.2333,-172.12,-34.88,-44.66,0.0530,0.8881,-0.3426,0.3015
1.2442,-172.12,-34.88,-44.66,0.0530,0.8881,-0.3426,0.3015
1.2582,-171.64,-34.65,-44.73,0.0487,0.8886,-0.3422,0.3012
1.2696,-171.64,-34.65,-44.73,0.0487,0.8886,-0.3422,0.3012
1.2776,-171.33,-34.55,-44.81,0.0462,0.8887,-0.3422,0.3013
1.2896,-171.33,-34.55,-44.81,0.0462,0.8887,-0.3422,0.3013
1.3025,-171.33,-34.55,-44.81,0.0462,0.8887,-0.3422,0.3013
1.3145,-171.33,-34.55,-44.81,0.0462,0.8887,-0.3422,0.3013
1.3257,-171.33,-34.55,-44.81,0.0462,0.8887,-0.3422,0.3013
1.3350,-170.15,-33.56,-44.89,0.0339,0.8910,-0.3413,0.2972
1.3453,-170.15,-33.56,-44.89,0.0339,0.8910,-0.3413,0.2972
1.3562,-170.15,-33.56,-44.89,0.0339,0.8910,-0.3413,0.2972
1.3679,-170.15,-33.56,-44.89,0.0339,0.8910,-0.3413,0.2972
1.3826,-169.18,-33.12,-45.13,0.0255,0.8914,-0.3414,0.2967
1.3942,-169.18,-33.12,-45.13,0.0255,0.8914,-0.3414,0.2967
1.4072,-169.18,-33.12,-45.13,0.0255,0.8914,-0.3414,0.2967
1.4196,-169.18,-33.12,-45.13,0.0255,0.8914,-0.3414,0.2967
1.4289,-168.25,-32.76,-45.23,0.0173,0.8920,-0.3404,0.2967
1.4348,-165.42,-31.87,-45.93,-0.0060,0.8916,-0.3401,0.2984
1.4464,-164.20,-31.44,-46.12,-0.0166,0.8918,-0.3392,0.2988
1.4592,-164.20,-31.44,-46.12,-0.0166,0.8918,-0.3392,0.2988
1.4697,-164.20,-31.44,-46.12,-0.0166,0.8918,-0.3392,0.2988
1.4811,-164.20,-31.44,-46.12,-0.0166,0.8918,-0.3392,0.2988
1.4875,-161.52,-30.45,-46.56,-0.0398,0.8914,-0.3377,0.2993
1.4994,-161.52,-30.45,-46.56,-0.0398,0.8914,-0.3377,0.2993
1.5109,-161.52,-30.45,-46.56,-0.0398,0.8914,-0.3377,0.2993
1.5220,-161.52,-30.45,-46.56,-0.0398,0.8914,-0.3377,0.2993
1.5364,-158.96,-29.48,-47.03,-0.0620,0.8903,-0.3368,0.2998
1.5488,-158.96,-29.48,-47.03,-0.0620,0.8903,-0.3368,0.2998
1.5609,-158.96,-29.48,-47.03,-0.0620,0.8903,-0.3368,0.2998
1.5721,-158.96,-29.48,-47.03,-0.0620,0.8903,-0.3368,0.2998
1.5839,-158.05,-29.10,-47.09,-0.0703,0.8901,-0.3358,0.2997
1.5954,-157.63,-28.52,-47.04,-0.0758,0.8907,-0.3357,0.2966
1.6081,-157.63,-28.52,-47.04,-0.0758,0.8907,-0.3357,0.2966
1.6154,-156.76,-26.71,-47.16,-0.0890,0.8919,-0.3386,0.2858
1.6287,-156.20,-25.77,-47.14,-0.0969,0.8926,-0.3393,0.2804
1.6399,-156.20,-25.77,-47.14,-0.0969,0.8926,-0.3393,0.2804
1.6531,-155.83,-25.20,-47.21,-0.1017,0.8926,-0.3403,0.2773
1.6657,-155.83,-25.20,-47.21,-0.1017,0.8926,-0.3403,0.2773
1.6776,-155.83,-25.20,-47.21,-0.1017,0.8926,-0.3403,0.2773
1.6905,-155.83,-25.20,-47.21,-0.1017,0.8926,-0.3403,0.2773
1.7020,-155.83,-25.20,-47.21,-0.1017,0.8926,-0.3403,0.2773
1.7128,-155.26,-23.97,-47.40,-0.1102,0.8926,-0.3434,0.2700
1.7207,-154.91,-23.18,-47.40,-0.1159,0.8930,-0.3444,0.2651
1.7309,-154.91,-23.18,-47.40,-0.1159,0.8930,-0.3444,0.2651
1.7437,-154.91,-23.18,-47.40,-0.1159,0.8930,-0.3444,0.2651
1.7548,-154.91,-23.18,-47.40,-0.1159,0.8930,-0.3444,0.2651
1.7656,-154.91,-23.18,-47.40,-0.1159,0.8930,-0.3444,0.2651
1.7736,-154.91,-23.18,-47.40,-0.1159,0.8930,-0.3444,0.2651
1.7814,-154.97,-22.75,-47.38,-0.1171,0.8935,-0.3454,0.2617
1.7929,-154.97,-22.75,-47.38,-0.1171,0.8935,-0.3454,0.2617
1.8059,-154.97,-22.75,-47.38,-0.1171,0.8935,-0.3454,0.2617
1.8181,-154.97,-22.75,-47.38,-0.1171,0.8935,-0.3454,0.2617
1.8308,-154.97,-22.75,-47.38,-0.1171,0.8935,-0.3454,0.2617
1.8418,-154.97,-22.75,-47.38,-0.1171,0.8935,-0.3454,0.2617
1.8530,-154.97,-22.75,-47.38,-0.1171,0.8935,-0.3454,0.2617
1.8630,-154.79,-22.22,-47.48,-0.1202,0.8934,-0.3471,0.2583
1.8766,-154.50,-21.44,-47.65,-0.1250,0.8931,-0.3496,0.2536
1.8895,-154.50,-21.44,-47.65,-0.1250,0.8931,-0.3496,0.2536
1.8971,-154.72,-20.83,-47.58,-0.1257,0.8940,-0.3510,0.2482
1.9076,-154.72,-20.83,-47.58,-0.1257,0.8940,-0.3510,0.2482
1.9251,-154.87,-20.27,-47.53,-0.1267,0.8947,-0.3522,0.2435
1.9364,-154.87,-20.27,-47.53,-0.1267,0.8947,-0.3522,0.2435
1.9480,-154.87,-20.27,-47.53,-0.1267,0.8947,-0.3522,0.2435
1.9597,-154.87,-20.27,-47.53,-0.1267,0.8947,-0.3522,0.2435
1.9727,-154.87,-20.27,-47.53,-0.1267,0.8947,-0.3522,0.2435
1.9842,-155.97,-18.13,-47.41,-0.1262,0.8975,-0.3583,0.2237
1.9900,-156.63,-17.18,-47.61,-0.1241,0.8980,-0.3632,0.2147
2.0026,-156.63,-17.18,-47.61,-0.1241,0.8980,-0.3632,0.2147
2.0142,-156.63,-17.18,-47.61,-0.1241,0.8980,-0.3632,0.2147
2.0201,-156.91,-16.57,-47.72,-0.1240,0.8983,-0.3658,0.2092
2.0308,-156.91,-16.57,-47.72,-0.1240,0.8983,-0.3658,0.2092
2.0439,-156.91,-16.57,-47.72,-0.1240,0.8983,-0.3658,0.2092
2.0567,-156.91,-16.57,-47.72,-0.1240,0.8983,-0.3658,0.2092
2.0696,-156.91,-16.57,-47.72,-0.1240,0.8983,-0.3658,0.2092
2.0812,-156.91,-16.57,-47.72,-0.1240,0.8983,-0.3658,0.2092
2.0942,-157.11,-16.10,-47.82,-0.1239,0.8983,-0.3680,0.2051
2.1027,-157.42,-15.49,-47.93,-0.1235,0.8985,-0.3706,0.1996
2.1163,-158.05,-14.44,-48.05,-0.1222,0.8992,-0.3747,0.1896
2.1289,-158.05,-14.44,-48.05,-0.1222,0.8992,-0.3747,0.1896
2.1405,-158.05,-14.44,-48.05,-0.1222,0.8992,-0.3747,0.1896
2.1531,-158.05,-14.44,-48.05,-0.1222,0.8992,-0.3747,0.1896
2.1605,-158.92,-14.07,-48.09,-0.1167,0.9001,-0.3771,0.1839
2.1663,-159.26,-13.85,-48.18,-0.1147,0.9002,-0.3788,0.1812
2.1776,-159.26,-13.85,-48.18,-0.1147,0.9002,-0.3788,0.1812
2.1885,-159.26,-13.85,-48.18,-0.1147,0.9002,-0.3788,0.1812
2.2001,-159.26,-13.85,-48.18,-0.1147,0.9002,-0.3788,0.1812
2.2065,-159.80,-13.44,-48.32,-0.1117,0.9004,-0.3815,0.1764
2.2153,-160.33,-13.16,-48.45,-0.1084,0.9006,-0.3838,0.1726
2.2291,-160.76,-12.93,-48.50,-0.1058,0.9009,-0.3852,0.1694
2.2404,-160.76,-12.93,-48.50,-0.1058,0.9009,-0.3852,0.1694
2.2530,-160.76,-12.93,-48.50,-0.1058,0.9009,-0.3852,0.1694
2.2657,-160.76,-12.93,-48.50,-0.1058,0.9009,-0.3852,0.1694
2.2726,-162.25,-12.58,-49.16,-0.0944,0.9000,-0.3932,0.1622
2.2832,-162.25,-12.58,-49.16,-0.0944,0.9000,-0.3932,0.1622
2.2943,-164.02,-12.48,-49.65,-0.0802,0.8997,-0.3996,0.1557
2.3050,-164.02,-12.48,-49.65,-0.0802,0.8997,-0.3996,0.1557
2.3155,-164.02,-12.48,-49.65,-0.0802,0.8997,-0.3996,0.1557
2.3276,-164.02,-12.48,-49.65,-0.0802,0.8997,-0.3996,0.1557
2.3365,-166.81,-12.49,-50.48,-0.0571,0.8984,-0.4098,0.1464
2.3488,-167.71,-12.57,-50.80,-0.0494,0.8977,-0.4133,0.1440
2.3593,-168.66,-12.73,-51.15,-0.0409,0.8967,-0.4171,0.1419
2.3740,-169.84,-12.94,-51.53,-0.0304,0.8955,-0.4213,0.1393
2.3902,-171.10,-13.01,-51.82,-0.0200,0.8948,-0.4249,0.1353
2.3968,-172.26,-13.12,-51.97,-0.0103,0.8943,-0.4274,0.1318
2.4091,-172.26,-13.12,-51.97,-0.0103,0.8943,-0.4274,0.1318
2.4165,-173.41,-13.41,-52.15,0.0000,0.8935,-0.4298,0.1298
2.4277,-173.41,-13.41,-52.15,0.0000,0.8935,-0.4298,0.1298
2.4385,-173.41,-13.41,-52.15,0.0000,0.8935,-0.4298,0.1298
2.4478,-174.39,-13.69,-52.41,0.0090,0.8922,-0.4327,0.1283
2.4612,-175.34,-14.02,-52.59,0.0179,0.8912,-0.4349,0.1272
2.4782,-175.34,-14.02,-52.59,0.0179,0.8912,-0.4349,0.1272
2.4867,-175.79,-14.46,-52.67,0.0232,0.8904,-0.4357,0.1289
2.4988,-175.79,-14.46,-52.67,0.0232,0.8904,-0.4357,0.1289
2.5109,-175.79,-14.46,-52.67,0.0232,0.8904,-0.4357,0.1289
2.5238,-175.79,-14.46,-52.67,0.0232,0.8904,-0.4357,0.1289
2.5364,-175.79,-14.46,-52.67,0.0232,0.8904,-0.4357,0.1289
2.5475,-176.68,-14.89,-52.77,0.0318,0.8895,-0.4371,0.1288
2.5587,-176.68,-14.89,-52.77,0.0318,0.8895,-0.4371,0.1288
2.5699,-176.68,-14.89,-52.77,0.0318,0.8895,-0.4371,0.1288
2.5827,-176.68,-14.89,-52.77,0.0318,0.8895,-0.4371,0.1288
2.5982,-177.36,-15.28,-52.87,0.0388,0.8885,-0.4384,0.1292
2.6109,-177.36,-15.28,-52.87,0.0388,0.8885,-0.4384,0.1292
2.6213,-177.36,-15.28,-52.87,0.0388,0.8885,-0.4384,0.1292
2.6342,-177.36,-15.28,-52.87,0.0388,0.8885,-0.4384,0.1292
2.6429,-177.60,-15.83,-53.09,0.0430,0.8870,-0.4400,0.1324
2.6557,-177.60,-15.83,-53.09,0.0430,0.8870,-0.4400,0.1324
2.6617,-178.15,-16.31,-53.23,0.0493,0.8858,-0.4414,0.1340
2.6747,-178.15,-16.31,-53.23,0.0493,0.8858,-0.4414,0.1340
2.6863,-178.15,-16.31,-53.23,0.0493,0.8858,-0.4414,0.1340
2.6974,-178.15,-16.31,-53.23,0.0493,0.8858,-0.4414,0.1340
2.7090,-178.15,-16.31,-53.23,0.0493,0.8858,-0.4414,0.1340
2.7244,-178.81,-16.93,-53.34,0.0569,0.8844,-0.4426,0.1362
2.7371,-178.81,-16.93,-53.34,0.0569,0.8844,-0.4426,0.1362
2.7482,-178.81,-16.93,-53.34,0.0569,0.8844,-0.4426,0.1362
2.7610,-178.81,-16.93,-53.34,0.0569,0.8844,-0.4426,0.1362
2.7713,-178.81,-16.93,-53.34,0.0569,0.8844,-0.4426,0.1362
2.7864,-179.73,-18.48,-53.40,0.0701,0.8818,-0.4432,0.1445
2.7979,-179.73,-18.48,-53.40,0.0701,0.8818,-0.4432,0.1445
2.8090,-179.73,-18.48,-53.40,0.0701,0.8818,-0.4432,0.1445
2.8198,-179.73,-18.48,-53.40,0.0701,0.8818,-0.4432,0.1445
2.8264,179.80,-19.40,-53.54,0.0774,0.8799,-0.4442,0.1497
2.8352,179.22,-21.32,-53.48,0.0892,0.8770,-0.4433,0.1622
2.8524,178.89,-22.05,-53.38,0.0944,0.8760,-0.4425,0.1666
2.8650,178.89,-22.05,-53.38,0.0944,0.8760,-0.4425,0.1666
2.8742,178.89,-22.05,-53.38,0.0944,0.8760,-0.4425,0.1666
2.8859,178.89,-22.05,-53.38,0.0944,0.8760,-0.4425,0.1666
2.8962,178.89,-22.05,-53.38,0.0944,0.8760,-0.4425,0.1666
2.9055,178.36,-22.89,-53.27,0.1015,0.8746,-0.4419,0.1711
2.9116,177.93,-23.62,-53.30,0.1076,0.8729,-0.4423,0.1750
2.9174,177.50,-24.42,-53.40,0.1141,0.8708,-0.4432,0.1793
2.9290,177.50,-24.42,-53.40,0.1141,0.8708,-0.4432,0.1793
2.9402,177.50,-24.42,-53.40,0.1141,0.8708,-0.4432,0.1793
2.9526,177.50,-24.42,-53.40,0.1141,0.8708,-0.4432,0.1793
2.9599,175.83,-25.92,-53.65,0.1328,0.8652,-0.4468,0.1840
2.9770,173.83,-27.24,-53.72,0.1529,0.8599,-0.4498,0.1862
2.9892,173.83,-27.24,-53.72,0.1529,0.8599,-0.4498,0.1862
3.0021,173.83,-27.24,-53.72,0.1529,0.8599,-0.4498,0.1862
3.0129,173.83,-27.24,-53.72,0.1529,0.8599,-0.4498,0.1862
3.0276,171.69,-28.54,-53.78,0.1738,0.8539,-0.4531,0.1875
3.0327,169.16,-30.16,-54.05,0.1989,0.8450,-0.4587,0.1893
3.0428,168.62,-30.66,-54.14,0.2049,0.8424,-0.4601,0.1908
3.0536,168.62,-30.66,-54.14,0.2049,0.8424,-0.4601,0.1908
3.0657,168.62,-30.66,-54.14,0.2049,0.8424,-0.4601,0.1908
3.0776,168.62,-30.66,-54.14,0.2049,0.8424,-0.4601,0.1908
3.0907,168.62,-30.66,-54.14,0.2049,0.8424,-0.4601,0.1908
3.1004,168.22,-31.16,-54.33,0.2099,0.8398,-0.4620,0.1926
3.1089,168.62,-31.92,-55.18,0.2112,0.8351,-0.4673,0.1984
3.1213,168.62,-31.92,-55.18,0.2112,0.8351,-0.4673,0.1984
3.1341,168.62,-31.92,-55.18,0.2112,0.8351,-0.4673,0.1984
3.1417,169.55,-32.20,-55.93,0.2068,0.8331,-0.4710,0.2029
3.1476,171.79,-33.24,-57.84,0.1980,0.8266,-0.4801,0.2166
3.1597,171.79,-33.24,-57.84,0.1980,0.8266,-0.4801,0.2166
3.1724,171.79,-33.24,-57.84,0.1980,0.8266,-0.4801,0.2166
3.1850,171.79,-33.24,-57.84,0.1980,0.8266,-0.4801,0.2166
3.1955,171.79,-33.24,-57.84,0.1980,0.8266,-0.4801,0.2166
3.2041,177.05,-33.85,-61.03,0.1690,0.8200,-0.4921,0.2382
3.2167,178.69,-34.09,-62.00,0.1604,0.8176,-0.4953,0.2456
3.2276,178.69,-34.09,-62.00,0.1604,0.8176,-0.4953,0.2456
3.2404,178.69,-34.09,-62.00,0.1604,0.8176,-0.4953,0.2456
3.2465,-175.08,-34.94,-66.24,0.1296,0.8051,-0.5099,0.2736
3.2603,-172.49,-35.14,-68.16,0.1171,0.7989,-0.5167,0.2845
3.2732,-172.49,-35.14,-68.16,0.1171,0.7989,-0.5167,0.2845
3.2860,-172.49,-35.14,-68.16,0.1171,0.7989,-0.5167,0.2845
3.2979,-172.49,-35.14,-68.16,0.1171,0.7989,-0.5167,0.2845
3.3067,-168.67,-34.92,-71.02,0.0969,0.7897,-0.5273,0.2977
3.3154,-162.93,-33.64,-75.35,0.0625,0.7754,-0.5446,0.3133
3.3326,-162.93,-33.64,-75.35,0.0625,0.7754,-0.5446,0.3133
3.3486,-151.70,-29.28,-83.34,-0.0136,0.7417,-0.5776,0.3403
3.3609,-151.70,-29.28,-83.34,-0.0136,0.7417,-0.5776,0.3403
3.3725,-151.70,-29.28,-83.34,-0.0136,0.7417,-0.5776,0.3403
3.3852,-151.70,-29.28,-83.34,-0.0136,0.7417,-0.5776,0.3403
3.3940,-145.79,-25.66,-86.61,-0.0630,0.7228,-0.5917,0.3511
3.3997,-133.26,-19.60,-92.54,-0.1571,0.6739,-0.6070,0.3904
3.4109,-133.26,-19.60,-92.54,-0.1571,0.6739,-0.6070,0.3904
3.4163,-127.62,-16.05,-94.37,-0.2049,0.6489,-0.6100,0.4056
3.4289,-123.45,-12.56,-95.26,-0.2458,0.6280,-0.6119,0.4127
3.4406,-123.45,-12.56,-95.26,-0.2458,0.6280,-0.6119,0.4127
3.4530,-123.45,-12.56,-95.26,-0.2458,0.6280,-0.6119,0.4127
3.4650,-123.45,-12.56,-95.26,-0.2458,0.6280,-0.6119,0.4127
3.4716,-120.63,-9.61,-95.35,-0.2782,0.6134,-0.6122,0.4137
3.4780,-120.86,-6.47,-93.87,-0.3004,0.6132,-0.6154,0.3934
3.4854,-121.96,-5.85,-93.43,-0.2996,0.6167,-0.6188,0.3832
3.4968,-121.96,-5.85,-93.43,-0.2996,0.6167,-0.6188,0.3832
3.5135,-124.38,-6.51,-93.05,-0.2839,0.6267,-0.6226,0.3725
3.5256,-124.38,-6.51,-93.05,-0.2839,0.6267,-0.6226,0.3725
3.5364,-124.38,-6.51,-93.05,-0.2839,0.6267,-0.6226,0.3725
3.5482,-124.38,-6.51,-93.05,-0.2839,0.6267,-0.6226,0.3725
3.5556,-126.96,-7.07,-92.95,-0.2668,0.6349,-0.6286,0.3611
3.5691,-126.96,-7.07,-92.95,-0.2668,0.6349,-0.6286,0.3611
3.5819,-126.96,-7.07,-92.95,-0.2668,0.6349,-0.6286,0.3611
3.5943,-126.96,-7.07,-92.95,-0.2668,0.6349,-0.6286,0.3611
3.6041,-129.54,-6.56,-93.00,-0.2553,0.6393,-0.6383,0.3443
3.6213,-130.76,-5.80,-93.02,-0.2529,0.6401,-0.6442,0.3335
3.6341,-130.76,-5.80,-93.02,-0.2529,0.6401,-0.6442,0.3335
3.6460,-130.76,-5.80,-93.02,-0.2529,0.6401,-0.6442,0.3335
3.6591,-130.76,-5.80,-93.02,-0.2529,0.6401,-0.6442,0.3335
3.6753,-132.41,-1.53,-90.97,-0.2740,0.6452,-0.6486,0.2962
3.6863,-132.41,-1.53,-90.97,-0.2740,0.6452,-0.6486,0.2962
3.6999,-131.93,0.73,-89.21,-0.2940,0.6483,-0.6432,0.2818
3.7110,-131.93,0.73,-89.21,-0.2940,0.6483,-0.6432,0.2818
3.7262,-131.52,2.84,-87.56,-0.3119,0.6510,-0.6381,0.2676
3.7380,-131.31,4.71,-85.69,-0.3273,0.6558,-0.6315,0.2526
3.7526,-131.31,4.71,-85.69,-0.3273,0.6558,-0.6315,0.2526
3.7650,-131.31,4.71,-85.69,-0.3273,0.6558,-0.6315,0.2526
3.7776,-131.31,4.71,-85.69,-0.3273,0.6558,-0.6315,0.2526
3.7879,-131.49,6.38,-83.09,-0.3405,0.6660,-0.6209,0.2340
3.8005,-131.49,6.38,-83.09,-0.3405,0.6660,-0.6209,0.2340
3.8121,-131.49,6.38,-83.09,-0.3405,0.6660,-0.6209,0.2340
3.8247,-131.49,6.38,-83.09,-0.3405,0.6660,-0.6209,0.2340
3.8329,-132.00,7.89,-80.66,-0.3499,0.6766,-0.6112,0.2147
3.8388,-135.16,9.91,-75.97,-0.3486,0.7055,-0.5928,0.1709
3.8509,-135.16,9.91,-75.97,-0.3486,0.7055,-0.5928,0.1709
3.8636,-135.16,9.91,-75.97,-0.3486,0.7055,-0.5928,0.1709
3.8701,-136.88,10.63,-74.12,-0.3438,0.7183,-0.5853,0.1517
3.8844,-138.56,11.16,-72.34,-0.3379,0.7311,-0.5772,0.1344
3.8954,-138.56,11.16,-72.34,-0.3379,0.7311,-0.5772,0.1344
3.9013,-143.06,12.09,-69.07,-0.3161,0.7580,-0.5622,0.0963
3.9163,-145.04,12.66,-67.64,-0.3065,0.7691,-0.5552,0.0788
3.9290,-145.04,12.66,-67.64,-0.3065,0.7691,-0.5552,0.0788
3.9406,-145.04,12.66,-67.64,-0.3065,0.7691,-0.5552,0.0788
3.9534,-145.04,12.66,-67.64,-0.3065,0.7691,-0.5552,0.0788
3.9656,-145.04,12.66,-67.64,-0.3065,0.7691,-0.5552,0.0788
3.9776,-145.04,12.66,-67.64,-0.3065,0.7691,-0.5552,0.0788
3.9904,-145.04,12.66,-67.64,-0.3065,0.7691,-0.5552,0.0788
4.0056,-147.68,13.22,-65.98,-0.2920,0.7827,-0.5464,0.0578
4.0144,-153.23,14.13,-63.63,-0.2583,0.8053,-0.5332,0.0194
4.0286,-153.89,13.96,-63.99,-0.2528,0.8054,-0.5356,0.0184
4.0412,-153.89,13.96,-63.99,-0.2528,0.8054,-0.5356,0.0184
4.0490,-155.94,14.64,-62.79,-0.2414,0.8142,-0.5280,0.0013
4.0610,-155.94,14.64,-62.79,-0.2414,0.8142,-0.5280,0.0013
4.0737,-155.94,14.64,-62.79,-0.2414,0.8142,-0.5280,0.0013
4.0859,-155.94,14.64,-62.79,-0.2414,0.8142,-0.5280,0.0013
4.0990,-158.63,16.20,-57.97,-0.2276,0.8382,-0.4943,-0.0322
4.1119,-158.91,16.77,-55.28,-0.2269,0.8491,-0.4749,-0.0430
4.1253,-158.91,16.77,-55.28,-0.2269,0.8491,-0.4749,-0.0430
4.1363,-158.91,16.77,-55.28,-0.2269,0.8491,-0.4749,-0.0430
4.1487,-158.91,16.77,-55.28,-0.2269,0.8491,-0.4749,-0.0430
4.1543,-157.98,16.68,-52.56,-0.2324,0.8584,-0.4549,-0.0440
4.1602,-159.20,17.21,-44.53,-0.2209,0.8897,-0.3935,-0.0686
4.1723,-160.88,18.16,-39.66,-0.2070,0.9070,-0.3550,-0.0908
4.1851,-160.88,18.16,-39.66,-0.2070,0.9070,-0.3550,-0.0908
4.1963,-160.88,18.16,-39.66,-0.2070,0.9070,-0.3550,-0.0908
4.2091,-160.88,18.16,-39.66,-0.2070,0.9070,-0.3550,-0.0908
4.2180,-168.23,23.99,-25.83,-0.1439,0.9434,-0.2383,-0.1791
4.2351,-171.61,27.83,-18.89,-0.1094,0.9517,-0.1763,-0.2250
4.2469,-174.65,31.85,-12.06,-0.0734,0.9534,-0.1137,-0.2680
4.2598,-174.65,31.85,-12.06,-0.0734,0.9534,-0.1137,-0.2680
4.2726,-174.65,31.85,-12.06,-0.0734,0.9534,-0.1137,-0.2680
4.2778,-176.36,33.49,-11.52,-0.0592,0.9510,-0.1052,-0.2836
4.2879,-173.89,31.09,-13.43,-0.0823,0.9536,-0.1267,-0.2598
4.2992,-173.89,31.09,-13.43,-0.0823,0.9536,-0.1267,-0.2598
4.3109,-173.89,31.09,-13.43,-0.0823,0.9536,-0.1267,-0.2598
4.3236,-173.89,31.09,-13.43,-0.0823,0.9536,-0.1267,-0.2598
4.3360,-173.89,31.09,-13.43,-0.0823,0.9536,-0.1267,-0.2598
4.3415,-167.03,25.32,-13.41,-0.1348,0.9598,-0.1378,-0.2034
4.3472,-164.29,23.49,-8.34,-0.1481,0.9652,-0.0983,-0.1914
4.3575,-164.29,23.49,-8.34,-0.1481,0.9652,-0.0983,-0.1914
4.3698,-161.07,20.98,-3.76,-0.1674,0.9683,-0.0617,-0.1742
4.3823,-161.07,20.98,-3.76,-0.1674,0.9683,-0.0617,-0.1742
4.3943,-161.07,20.98,-3.76,-0.1674,0.9683,-0.0617,-0.1742
4.4072,-161.07,20.98,-3.76,-0.1674,0.9683,-0.0617,-0.1742
4.4157,-156.82,17.55,0.85,-0.1974,0.9683,-0.0235,-0.1509
4.4277,-156.82,17.55,0.85,-0.1974,0.9683,-0.0235,-0.1509
4.4339,-154.26,14.33,4.24,-0.2163,0.9675,0.0080,-0.1297
4.4413,-151.49,11.46,6.34,-0.2392,0.9642,0.0288,-0.1102
4.4530,-151.49,11.46,6.34,-0.2392,0.9642,0.0288,-0.1102
4.4657,-151.49,11.46,6.34,-0.2392,0.9642,0.0288,-0.1102
4.4776,-151.87,11.44,6.79,-0.2356,0.9649,0.0330,-0.1108
4.4905,-151.87,11.44,6.79,-0.2356,0.9649,0.0330,-0.1108
4.5024,-151.87,11.44,6.79,-0.2356,0.9649,0.0330,-0.1108
4.5170,-153.44,8.91,4.35,-0.2259,0.9702,0.0190,-0.0842
4.5288,-153.44,8.91,4.35,-0.2259,0.9702,0.0190,-0.0842
4.5342,-154.28,7.13,3.40,-0.2202,0.9729,0.0150,-0.0672
4.5484,-154.44,5.12,2.10,-0.2201,0.9742,0.0080,-0.0476
4.5610,-154.44,5.12,2.10,-0.2201,0.9742,0.0080,-0.0476
4.5739,-154.44,5.12,2.10,-0.2201,0.9742,0.0080,-0.0476
4.5860,-154.44,5.12,2.10,-0.2201,0.9742,0.0080,-0.0476
4.5913,-149.95,1.86,-1.22,-0.2593,0.9655,-0.0145,-0.0129
4.6076,-146.85,0.47,-2.60,-0.2852,0.9581,-0.0229,0.0025
4.6198,-146.85,0.47,-2.60,-0.2852,0.9581,-0.0229,0.0025
4.6327,-146.85,0.47,-2.60,-0.2852,0.9581,-0.0229,0.0025
4.6443,-146.85,0.47,-2.60,-0.2852,0.9581,-0.0229,0.0025
4.6518,-143.33,-3.37,-6.73,-0.3122,0.9477,-0.0465,0.0463
4.6623,-139.67,-8.69,-11.37,-0.3349,0.9339,-0.0668,0.1048
4.6736,-139.67,-8.69,-11.37,-0.3349,0.9339,-0.0668,0.1048
4.6859,-139.67,-8.69,-11.37,-0.3349,0.9339,-0.0668,0.1048
4.6975,-139.67,-8.69,-11.37,-0.3349,0.9339,-0.0668,0.1048
4.7076,-133.76,-8.79,-14.46,-0.3794,0.9134,-0.0856,0.1192
4.7201,-109.36,-12.78,-37.08,-0.5153,0.7891,-0.1970,0.2688
4.7312,-109.36,-12.78,-37.08,-0.5153,0.7891,-0.1970,0.2688
4.7440,-109.36,-12.78,-37.08,-0.5153,0.7891,-0.1970,0.2688
4.7568,-109.36,-12.78,-37.08,-0.5153,0.7891,-0.1970,0.2688
4.7692,-109.36,-12.78,-37.08,-0.5153,0.7891,-0.1970,0.2688
4.7795,-109.36,-12.78,-37.08,-0.5153,0.7891,-0.1970,0.2688
4.7862,-99.26,-9.71,-56.59,-0.5367,0.6942,-0.3119,0.3626
4.8026,-99.26,-9.71,-56.59,-0.5367,0.6942,-0.3119,0.3626
4.8153,-99.26,-9.71,-56.59,-0.5367,0.6942,-0.3119,0.3626
4.8276,-99.26,-9.71,-56.59,-0.5367,0.6942,-0.3119,0.3626
4.8393,-99.26,-9.71,-56.59,-0.5367,0.6942,-0.3119,0.3626
4.8485,-95.71,-7.11,-66.35,-0.5342,0.6419,-0.3705,0.4048
4.8540,-95.30,-1.10,-77.74,-0.5193,0.5792,-0.4590,0.4281
4.8604,-106.15,2.92,-88.63,-0.4435,0.5609,-0.5694,0.4048
4.8713,-106.15,2.92,-88.63,-0.4435,0.5609,-0.5694,0.4048
4.8825,-106.15,2.92,-88.63,-0.4435,0.5609,-0.5694,0.4048
4.8930,-124.47,-0.27,-102.50,-0.2894,0.5542,-0.6895,0.3643
4.9058,-124.47,-0.27,-102.50,-0.2894,0.5542,-0.6895,0.3643
4.9193,-124.47,-0.27,-102.50,-0.2894,0.5542,-0.6895,0.3643
4.9266,-135.67,-12.92,-114.00,-0.1161,0.5361,-0.7486,0.3707
4.9394,-135.67,-12.92,-114.00,-0.1161,0.5361,-0.7486,0.3707
4.9504,-135.67,-12.92,-114.00,-0.1161,0.5361,-0.7486,0.3707
4.9560,-134.11,-18.07,-118.25,-0.0729,0.5187,-0.7491,0.4043
4.9685,-134.11,-18.07,-118.25,-0.0729,0.5187,-0.7491,0.4043
4.9791,-134.11,-18.07,-118.25,-0.0729,0.5187,-0.7491,0.4043
4.9870,-132.97,-19.75,-119.11,-0.0632,0.5164,-0.7441,0.4183
5.0004,-131.45,-21.10,-119.59,-0.0588,0.5157,-0.7366,0.4331
5.0132,-131.45,-21.10,-119.59,-0.0588,0.5157,-0.7366,0.4331
5.0247,-131.45,-21.10,-119.59,-0.0588,0.5157,-0.7366,0.4331
5.0409,-126.35,-20.44,-119.59,-0.0865,0.5110,-0.7187,0.4634
5.0526,-126.35,-20.44,-119.59,-0.0865,0.5110,-0.7187,0.4634
5.0648,-126.35,-20.44,-119.59,-0.0865,0.5110,-0.7187,0.4634
5.0752,-126.35,-20.44,-119.59,-0.0865,0.5110,-0.7187,0.4634
5.0879,-125.14,-19.01,-118.14,-0.1077,0.5151,-0.7118,0.4650
5.1030,-125.43,-19.01,-117.83,-0.1076,0.5173,-0.7116,0.4629
5.1151,-125.43,-19.01,-117.83,-0.1076,0.5173,-0.7116,0.4629
5.1276,-125.43,-19.01,-117.83,-0.1076,0.5173,-0.7116,0.4629
5.1398,-125.43,-19.01,-117.83,-0.1076,0.5173,-0.7116,0.4629
5.1532,-125.71,-19.08,-117.87,-0.1057,0.5175,-0.7127,0.4614
5.1653,-125.71,-19.08,-117.87,-0.1057,0.5175,-0.7127,0.4614
5.1716,-126.02,-19.33,-117.62,-0.1036,0.5200,-0.7120,0.4601
5.1860,-126.49,-19.78,-116.95,-0.1011,0.5258,-0.7094,0.4582
5.1981,-126.49,-19.78,-116.95,-0.1011,0.5258,-0.7094,0.4582
5.2110,-126.49,-19.78,-116.95,-0.1011,0.5258,-0.7094,0.4582
5.2168,-127.20,-20.63,-115.77,-0.0966,0.5358,-0.7041,0.4557
5.2296,-128.05,-21.69,-114.29,-0.0912,0.5482,-0.6970,0.4531
5.2407,-128.05,-21.69,-114.29,-0.0912,0.5482,-0.6970,0.4531
5.2526,-128.05,-21.69,-114.29,-0.0912,0.5482,-0.6970,0.4531
5.2693,-130.36,-23.70,-110.30,-0.0817,0.5783,-0.6797,0.4436
5.2864,-131.86,-24.73,-107.88,-0.0764,0.5955,-0.6696,0.4371
5.2993,-131.86,-24.73,-107.88,-0.0764,0.5955,-0.6696,0.4371
5.3109,-131.86,-24.73,-107.88,-0.0764,0.5955,-0.6696,0.4371
5.3219,-131.86,-24.73,-107.88,-0.0764,0.5955,-0.6696,0.4371
5.3352,-135.00,-26.58,-102.12,-0.0687,0.6334,-0.6441,0.4231
5.3478,-135.00,-26.58,-102.12,-0.0687,0.6334,-0.6441,0.4231
5.3551,-139.12,-28.62,-95.29,-0.0567,0.6754,-0.6128,0.4061
5.3679,-139.12,-28.62,-95.29,-0.0567,0.6754,-0.6128,0.4061
5.3794,-139.12,-28.62,-95.29,-0.0567,0.6754,-0.6128,0.4061
5.3903,-139.12,-28.62,-95.29,-0.0567,0.6754,-0.6128,0.4061
5.4031,-139.12,-28.62,-95.29,-0.0567,0.6754,-0.6128,0.4061
5.4117,-150.91,-31.61,-82.82,-0.0066,0.7435,-0.5648,0.3575
5.4230,-150.91,-31.61,-82.82,-0.0066,0.7435,-0.5648,0.3575
5.4357,-150.91,-31.61,-82.82,-0.0066,0.7435,-0.5648,0.3575
5.4475,-150.91,-31.61,-82.82,-0.0066,0.7435,-0.5648,0.3575
5.4597,-159.47,-33.79,-75.25,0.0397,0.7771,-0.5338,0.3306
5.4726,-159.47,-33.79,-75.25,0.0397,0.7771,-0.5338,0.3306
5.4854,-159.47,-33.79,-75.25,0.0397,0.7771,-0.5338,0.3306
5.4967,-159.47,-33.79,-75.25,0.0397,0.7771,-0.5338,0.3306
5.5110,-164.96,-34.22,-69.09,0.0625,0.8021,-0.5056,0.3112
5.5227,-164.96,-34.22,-69.09,0.0625,0.8021,-0.5056,0.3112
5.5354,-164.96,-34.22,-69.09,0.0625,0.8021,-0.5056,0.3112
5.5478,-170.90,-33.26,-60.54,0.0782,0.8362,-0.4619,0.2847
5.5667,-172.69,-32.82,-57.77,0.0827,0.8468,-0.4467,0.2764
5.5777,-172.69,-32.82,-57.77,0.0827,0.8468,-0.4467,0.2764
5.5905,-172.69,-32.82,-57.77,0.0827,0.8468,-0.4467,0.2764
5.6047,-176.74,-30.95,-50.55,0.0891,0.8742,-0.4045,0.2529
5.6170,-176.74,-30.95,-50.55,0.0891,0.8742,-0.4045,0.2529
5.6293,-176.74,-30.95,-50.55,0.0891,0.8742,-0.4045,0.2529
5.6345,-178.45,-29.48,-45.53,0.0864,0.8929,-0.3710,0.2397
5.6463,-178.45,-29.48,-45.53,0.0864,0.8929,-0.3710,0.2397
5.6582,-178.45,-29.48,-45.53,0.0864,0.8929,-0.3710,0.2397
5.6697,-178.45,-29.48,-45.53,0.0864,0.8929,-0.3710,0.2397
5.6804,-178.45,-29.48,-45.53,0.0864,0.8929,-0.3710,0.2397
5.6913,-178.45,-29.48,-45.53,0.0864,0.8929,-0.3710,0.2397
5.7012,-179.29,-27.55,-40.37,0.0766,0.9119,-0.3338,0.2256
5.7166,-179.15,-27.03,-38.73,0.0707,0.9177,-0.3208,0.2229
5.7234,-178.43,-26.36,-35.38,0.0566,0.9284,-0.2929,0.2213
5.7360,-178.43,-26.36,-35.38,0.0566,0.9284,-0.2929,0.2213
5.7478,-178.43,-26.36,-35.38,0.0566,0.9284,-0.2929,0.2213
5.7588,-178.43,-26.36,-35.38,0.0566,0.9284,-0.2929,0.2213
5.7697,-178.43,-26.36,-35.38,0.0566,0.9284,-0.2929,0.2213
5.7767,-178.61,-25.72,-32.06,0.0501,0.9376,-0.2666,0.2172
5.7845,-178.80,-26.16,-31.74,0.0521,0.9374,-0.2641,0.2205
5.7974,-178.80,-26.16,-31.74,0.0521,0.9374,-0.2641,0.2205
5.8094,-178.80,-26.16,-31.74,0.0521,0.9374,-0.2641,0.2205
5.8189,-178.80,-26.16,-31.74,0.0521,0.9374,-0.2641,0.2205
5.8306,-178.80,-26.16,-31.74,0.0521,0.9374,-0.2641,0.2205
5.8418,-178.80,-26.16,-31.74,0.0521,0.9374,-0.2641,0.2205
5.8526,-178.80,-26.16,-31.74,0.0521,0.9374,-0.2641,0.2205
5.8644,-178.80,-26.16,-31.74,0.0521,0.9374,-0.2641,0.2205
5.8748,-178.80,-26.16,-31.74,0.0521,0.9374,-0.2641,0.2205
5.8860,-178.80,-26.16,-31.74,0.0521,0.9374,-0.2641,0.2205
5.8984,-178.80,-26.16,-31.74,0.0521,0.9374,-0.2641,0.2205
5.9111,-178.80,-26.16,-31.74,0.0521,0.9374,-0.2641,0.2205
5.9208,-178.80,-26.16,-31.74,0.0521,0.9374,-0.2641,0.2205
5.9263,-178.87,-26.40,-30.80,0.0514,0.9391,-0.2564,0.2227
5.9326,-178.97,-26.71,-29.96,0.0513,0.9403,-0.2495,0.2254
5.9443,-178.97,-26.71,-29.96,0.0513,0.9403,-0.2495,0.2254
5.9583,-179.06,-26.67,-30.17,0.0523,0.9399,-0.2514,0.2248
5.9701,-179.06,-26.67,-30.17,0.0523,0.9399,-0.2514,0.2248
5.9829,-179.06,-26.67,-30.17,0.0523,0.9399,-0.2514,0.2248
5.9943,-179.06,-26.67,-30.17,0.0523,0.9399,-0.2514,0.2248
6.0000,-178.49,-27.47,-31.43,0.0520,0.9357,-0.2601,0.2320
6.0167,-178.05,-28.11,-31.52,0.0501,0.9345,-0.2595,0.2382
6.0276,-178.05,-28.11,-31.52,0.0501,0.9345,-0.2595,0.2382
6.0387,-178.05,-28.11,-31.52,0.0501,0.9345,-0.2595,0.2382
6.0500,-178.05,-28.11,-31.52,0.0501,0.9345,-0.2595,0.2382
6.0619,-178.05,-28.11,-31.52,0.0501,0.9345,-0.2595,0.2382
6.0733,-178.05,-28.11,-31.52,0.0501,0.9345,-0.2595,0.2382
6.0819,-176.89,-29.90,-33.02,0.0482,0.9278,-0.2678,0.2547
6.0943,-176.89,-29.90,-33.02,0.0482,0.9278,-0.2678,0.2547
6.1062,-176.89,-29.90,-33.02,0.0482,0.9278,-0.2678,0.2547
6.1181,-176.89,-29.90,-33.02,0.0482,0.9278,-0.2678,0.2547
6.1307,-176.89,-29.90,-33.02,0.0482,0.9278,-0.2678,0.2547
6.1431,-176.89,-29.90,-33.02,0.0482,0.9278,-0.2678,0.2547
6.1559,-176.89,-29.90,-33.02,0.0482,0.9278,-0.2678,0.2547
6.1641,-174.65,-32.61,-37.48,0.0477,0.9120,-0.2956,0.2800
6.1770,-174.65,-32.61,-37.48,0.0477,0.9120,-0.2956,0.2800
6.1894,-174.65,-32.61,-37.48,0.0477,0.9120,-0.2956,0.2800
6.2008,-174.65,-32.61,-37.48,0.0477,0.9120,-0.2956,0.2800
6.2129,-174.65,-32.61,-37.48,0.0477,0.9120,-0.2956,0.2800
6.2216,-171.74,-35.47,-43.61,0.0492,0.8901,-0.3325,0.3076
6.2382,-170.69,-36.35,-45.84,0.0501,0.8819,-0.3455,0.3164
6.2511,-170.69,-36.35,-45.84,0.0501,0.8819,-0.3455,0.3164
6.2656,-168.39,-37.75,-50.76,0.0516,0.8644,-0.3740,0.3318
6.2777,-168.39,-37.75,-50.76,0.0516,0.8644,-0.3740,0.3318
6.2844,-167.08,-38.03,-53.25,0.0501,0.8561,-0.3883,0.3371
6.2977,-164.41,-38.34,-57.47,0.0442,0.8418,-0.4109,0.3469
6.3094,-164.41,-38.34,-57.47,0.0442,0.8418,-0.4109,0.3469
6.3198,-164.41,-38.34,-57.47,0.0442,0.8418,-0.4109,0.3469
6.3304,-164.41,-38.34,-57.47,0.0442,0.8418,-0.4109,0.3469
6.3380,-160.84,-38.40,-62.29,0.0333,0.8252,-0.4348,0.3588
6.3501,-159.75,-37.76,-63.91,0.0276,0.8202,-0.4448,0.3583
6.3610,-159.75,-37.76,-63.91,0.0276,0.8202,-0.4448,0.3583
6.3713,-159.75,-37.76,-63.91,0.0276,0.8202,-0.4448,0.3583
6.3841,-159.75,-37.76,-63.91,0.0276,0.8202,-0.4448,0.3583
6.3964,-159.75,-37.76,-63.91,0.0276,0.8202,-0.4448,0.3583
6.4127,-159.39,-37.71,-64.42,0.0263,0.8185,-0.4474,0.3593
6.4232,-159.39,-37.71,-64.42,0.0263,0.8185,-0.4474,0.3593
6.4358,-159.39,-37.71,-64.42,0.0263,0.8185,-0.4474,0.3593
6.4480,-159.39,-37.71,-64.42,0.0263,0.8185,-0.4474,0.3593
6.4597,-159.39,-37.71,-64.42,0.0263,0.8185,-0.4474,0.3593
6.4723,-159.39,-37.71,-64.42,0.0263,0.8185,-0.4474,0.3593
6.4850,-159.39,-37.71,-64.42,0.0263,0.8185,-0.4474,0.3593
6.4963,-159.39,-37.71,-64.42,0.0263,0.8185,-0.4474,0.3593
6.5066,-159.39,-37.71,-64.42,0.0263,0.8185,-0.4474,0.3593
6.5193,-159.39,-37.71,-64.42,0.0263,0.8185,-0.4474,0.3593
6.5290,-160.58,-36.80,-63.74,0.0285,0.8222,-0.4487,0.3487
6.5426,-160.64,-36.49,-63.72,0.0274,0.8228,-0.4495,0.3464
6.5481,-160.80,-36.29,-63.65,0.0274,0.8233,-0.4500,0.3445
6.5609,-160.80,-36.29,-63.65,0.0274,0.8233,-0.4500,0.3445
6.5713,-160.80,-36.29,-63.65,0.0274,0.8233,-0.4500,0.3445
6.5841,-160.80,-36.29,-63.65,0.0274,0.8233,-0.4500,0.3445
6.5963,-160.80,-36.29,-63.65,0.0274,0.8233,-0.4500,0.3445
6.6043,-160.74,-36.10,-63.75,0.0263,0.8233,-0.4510,0.3434
6.6213,-160.96,-35.82,-63.56,0.0260,0.8244,-0.4510,0.3407
6.6320,-160.96,-35.82,-63.56,0.0260,0.8244,-0.4510,0.3407
6.6404,-161.19,-35.71,-63.31,0.0264,0.8255,-0.4502,0.3391
6.6491,-161.24,-35.60,-63.24,0.0260,0.8260,-0.4501,0.3382
6.6655,-161.13,-35.49,-63.24,0.0248,0.8261,-0.4501,0.3379
6.6776,-161.13,-35.49,-63.24,0.0248,0.8261,-0.4501,0.3379
6.6878,-161.07,-35.44,-63.22,0.0241,0.8262,-0.4499,0.3378
